source,target
I like robots,나는 로봇을 좋아한다
I like books,나는 책을 좋아한다
I like coffee,나는 커피를 좋아한다
You like robots,너는 로봇을 좋아한다
You like books,너는 책을 좋아한다
You like coffee,너는 커피를 좋아한다
I read books,나는 책을 읽는다
I read papers,나는 논문을 읽는다
You read books,너는 책을 읽는다
The teacher reads papers,선생님은 논문을 읽는다
I build robots,나는 로봇을 만든다
I build tools,나는 도구를 만든다
You build robots,너는 로봇을 만든다
The student builds tools,학생은 도구를 만든다
The student builds robots,학생은 로봇을 만든다
The teacher builds tools,선생님은 도구를 만든다
I see robots,나는 로봇을 본다
I see the student,나는 학생을 본다
You see the robot,너는 로봇을 본다
The teacher sees the student,선생님은 학생을 본다
I use tools,나는 도구를 사용한다
You use tools,너는 도구를 사용한다
The student uses tools,학생은 도구를 사용한다
The teacher uses robots,선생님은 로봇을 사용한다
The robot is fast,로봇은 빠르다
The robot is small,로봇은 작다
The robot is heavy,로봇은 무겁다
The robot is useful,로봇은 유용하다
Robots are fast,로봇들은 빠르다
Robots are useful,로봇들은 유용하다
Books are heavy,책들은 무겁다
Books are useful,책들은 유용하다
Coffee is hot,커피는 뜨겁다
The student likes robots,학생은 로봇을 좋아한다
The student likes books,학생은 책을 좋아한다
The student likes coffee,학생은 커피를 좋아한다
The teacher likes books,선생님은 책을 좋아한다
The teacher likes coffee,선생님은 커피를 좋아한다
The teacher reads books,선생님은 책을 읽는다
You read papers,너는 논문을 읽는다
