step,train_pair_index,train_source,train_target,train_loss,probe_loss,probe_accuracy,probe_mean_gt_probability,test_mean_loss,test_token_accuracy,probe_gt_probability_0,probe_gt_probability_1,probe_gt_probability_2,probe_gt_probability_3
0,0,I like robots,나는 로봇을 좋아한다,4.057487487792969,4.190117835998535,0.0,0.017994483932852745,3.598770523071289,0.07692307692307693,0.027301516383886337,0.008241568692028522,0.02812124416232109,0.008313600905239582
1,1,I like books,나는 책을 좋아한다,3.8632802963256836,4.150323867797852,0.0,0.01829858496785164,3.5747081995010377,0.07692307692307693,0.027220914140343666,0.00839914195239544,0.027907202020287514,0.009667080827057362
2,2,I like coffee,나는 커피를 좋아한다,3.7812252044677734,4.112220287322998,0.0,0.018638813868165016,3.554561805725098,0.07692307692307693,0.027566824108362198,0.008495338261127472,0.027226943522691727,0.011266148649156094
3,3,You like robots,너는 로봇을 좋아한다,3.135964870452881,4.022432327270508,0.0,0.020662952214479446,3.518221616744995,0.1282051282051282,0.02900434285402298,0.008189134299755096,0.0318661667406559,0.013592165894806385
4,4,You like books,너는 책을 좋아한다,3.2507638931274414,3.977905511856079,0.0,0.021473007276654243,3.5080417156219483,0.1282051282051282,0.030518077313899994,0.007926263846457005,0.03111361153423786,0.01633407734334469
5,5,You like coffee,너는 커피를 좋아한다,3.281106472015381,3.934905529022217,0.0,0.022374602034687996,3.498229718208313,0.1282051282051282,0.032300084829330444,0.007679606322199106,0.02970069646835327,0.019818015396595
6,6,I read books,나는 책을 읽는다,3.6999881267547607,3.9439194202423096,0.0,0.02210281230509281,3.477637004852295,0.1282051282051282,0.03200249746441841,0.007767379749566317,0.02931346371769905,0.019327906891703606
7,7,I read papers,나는 논문을 읽는다,3.586629867553711,3.9343512058258057,0.0,0.022098563611507416,3.4474484443664553,0.1282051282051282,0.03169487789273262,0.00831947848200798,0.029686542227864265,0.018693355843424797
8,8,You read books,너는 책을 읽는다,3.0693204402923584,3.9453279972076416,0.0,0.021986398845911026,3.4445716381072997,0.1282051282051282,0.03252997249364853,0.008055913262069225,0.02881186082959175,0.018547844141721725
9,9,The teacher reads papers,선생님은 논문을 읽는다,3.491316318511963,3.876678943634033,0.0,0.023455461487174034,3.409525418281555,0.1282051282051282,0.03693612292408943,0.009310798719525337,0.029259832575917244,0.018315093591809273
10,10,I build robots,나는 로봇을 만든다,3.521305561065674,3.842622756958008,0.0,0.023896122351288795,3.375407314300537,0.1282051282051282,0.03611474111676216,0.009927533566951752,0.02972637303173542,0.01981584168970585
11,11,I build tools,나는 도구를 만든다,3.1764235496520996,3.8279051780700684,0.0,0.024245677515864372,3.3601605892181396,0.1282051282051282,0.03621695563197136,0.009759181179106236,0.02958511933684349,0.02142145298421383
12,12,You build robots,너는 로봇을 만든다,2.7766871452331543,3.809859037399292,0.0,0.025046201422810555,3.341005802154541,0.1282051282051282,0.03718364238739014,0.009005732834339142,0.03014116920530796,0.02385426126420498
13,13,The student builds tools,학생은 도구를 만든다,3.227248191833496,3.799711227416992,0.0,0.025316422805190086,3.328425979614258,0.1282051282051282,0.036727529019117355,0.008862177841365337,0.029981393367052078,0.025694584473967552
14,14,The student builds robots,학생은 로봇을 만든다,3.2193078994750977,3.7672677040100098,0.0,0.02561669424176216,3.2935180187225344,0.1282051282051282,0.03519048914313316,0.009865266270935535,0.029996095225214958,0.027414929121732712
15,15,The teacher builds tools,선생님은 도구를 만든다,3.0921502113342285,3.7323508262634277,0.0,0.027123335748910904,3.2851648569107055,0.1282051282051282,0.03959059715270996,0.009353138506412506,0.029871754348278046,0.029677849262952805
16,16,I see robots,나는 로봇을 본다,3.251044750213623,3.7242770195007324,0.0,0.026987433433532715,3.2318896055221558,0.1282051282051282,0.039227213710546494,0.010040156543254852,0.029514875262975693,0.02916748821735382
17,17,I see the student,나는 학생을 본다,3.2307193279266357,3.7244486808776855,0.0,0.026897631585597992,3.1995189905166628,0.1282051282051282,0.039051104336977005,0.010196634568274021,0.029431330040097237,0.02891145832836628
18,18,You see the robot,너는 로봇을 본다,2.621148109436035,3.7236075401306152,0.0,0.027377353981137276,3.1665056943893433,0.15384615384615385,0.040646906942129135,0.009491950273513794,0.029422085732221603,0.02994847483932972
19,19,The teacher sees the student,선생님은 학생을 본다,3.419578790664673,3.685868501663208,0.0,0.028952306136488914,3.141017270088196,0.23076923076923078,0.046416640281677246,0.00950496457517147,0.02922850102186203,0.030659116804599762
20,20,I use tools,나는 도구를 사용한다,2.9670748710632324,3.6741065979003906,0.0,0.029300879687070847,3.1226323366165163,0.20512820512820512,0.046178821474313736,0.009534452110528946,0.02873089909553528,0.032759346067905426
21,21,You use tools,너는 도구를 사용한다,3.0433413982391357,3.6495375633239746,0.0,0.03033168986439705,3.1077519178390505,0.20512820512820512,0.04653319716453552,0.009316270239651203,0.02859223634004593,0.03688504919409752
22,22,The student uses tools,학생은 도구를 사용한다,3.018303632736206,3.645765542984009,0.0,0.030447721481323242,3.0909419775009157,0.23076923076923078,0.04546325281262398,0.009353679604828358,0.028018679469823837,0.03895527496933937
23,23,The teacher uses robots,선생님은 로봇을 사용한다,3.560725450515747,3.52933931350708,0.0,0.03361177444458008,3.0371888399124147,0.23076923076923078,0.0508408322930336,0.011803984642028809,0.028369354084134102,0.04343292489647865
24,24,The robot is fast,로봇은 빠르다,3.322957754135132,3.5032894611358643,0.0,0.035402391105890274,3.0264907598495485,0.2564102564102564,0.05178844556212425,0.011289944872260094,0.027509648352861404,0.05102153122425079
25,25,The robot is small,로봇은 작다,3.1723573207855225,3.496802568435669,0.0,0.036269113421440125,3.034868597984314,0.2564102564102564,0.05291680991649628,0.010689363814890385,0.027682140469551086,0.053788140416145325
26,26,The robot is heavy,로봇은 무겁다,3.1193056106567383,3.477051019668579,0.0,0.03759774565696716,3.0206632137298586,0.2564102564102564,0.052331872284412384,0.010621299967169762,0.02724134735763073,0.06019645929336548
27,27,The robot is useful,로봇은 유용하다,3.063617706298828,3.473043918609619,0.0,0.038288623094558716,3.0202572345733643,0.2564102564102564,0.05257318541407585,0.010298012755811214,0.02705804817378521,0.06322525441646576
28,28,Robots are fast,로봇들은 빠르다,3.2057201862335205,3.4362294673919678,0.25,0.041733767837285995,3.0064013481140135,0.28205128205128205,0.05351162329316139,0.009857363998889923,0.02634640596807003,0.07721967250108719
29,29,Robots are useful,로봇들은 유용하다,3.1813762187957764,3.42971134185791,0.25,0.04275025427341461,2.9992853879928587,0.3076923076923077,0.05324535816907883,0.009593888185918331,0.026359673589468002,0.08180209994316101
30,30,Books are heavy,책들은 무겁다,3.010477304458618,3.4288928508758545,0.25,0.04337465018033981,2.989758563041687,0.23076923076923078,0.050862085074186325,0.009625233709812164,0.02591896243393421,0.087092325091362
31,31,Books are useful,책들은 유용하다,3.001469850540161,3.4341845512390137,0.25,0.043345846235752106,2.9873170375823976,0.2564102564102564,0.049601100385189056,0.009508803486824036,0.02598216012120247,0.08829130977392197
32,32,Coffee is hot,커피는 뜨겁다,3.3518447875976562,3.444365978240967,0.25,0.04322996363043785,2.9974499702453614,0.2564102564102564,0.05030350759625435,0.009199771098792553,0.02554449625313282,0.08787208050489426
33,33,The student likes robots,학생은 로봇을 좋아한다,3.234170913696289,3.359004259109497,0.25,0.0470026433467865,2.9674663305282594,0.2564102564102564,0.04912765324115753,0.010251953266561031,0.029178567230701447,0.09945239871740341
34,34,The student likes books,학생은 책을 좋아한다,3.3211398124694824,3.3107354640960693,0.25,0.052718888968229294,2.9595890998840333,0.23076923076923078,0.04917335510253906,0.00990805123001337,0.029835442081093788,0.12195871025323868
35,35,The student likes coffee,학생은 커피를 좋아한다,3.04616641998291,3.2890658378601074,0.25,0.05871729180216789,2.955584001541138,0.23076923076923078,0.04941677302122116,0.00932274665683508,0.02840835228562355,0.1477212905883789
36,36,The teacher likes books,선생님은 책을 좋아한다,3.107470989227295,3.215247631072998,0.25,0.06853082776069641,2.962778401374817,0.23076923076923078,0.056440576910972595,0.008721016347408295,0.029385695233941078,0.17957600951194763
37,37,The teacher likes coffee,선생님은 커피를 좋아한다,2.9180908203125,3.169767379760742,0.25,0.07806193828582764,2.9735281229019166,0.23076923076923078,0.06433486938476562,0.00801061186939478,0.02861279435455799,0.21128948032855988
38,38,The teacher reads books,선생님은 책을 읽는다,3.3930869102478027,3.1527082920074463,0.25,0.08013662695884705,2.977406620979309,0.23076923076923078,0.0712885856628418,0.00787873100489378,0.027807692065835,0.2135714888572693
39,39,You read papers,너는 논문을 읽는다,3.4301035404205322,3.1502182483673096,0.25,0.07813365757465363,2.9651588201522827,0.23076923076923078,0.06961563229560852,0.00831533595919609,0.0281967855989933,0.20640689134597778
40,0,I like robots,나는 로봇을 좋아한다,3.016742706298828,3.087023973464966,0.25,0.08074944466352463,2.9368217468261717,0.23076923076923078,0.0668615996837616,0.009326796978712082,0.032452065497636795,0.21435731649398804
41,1,I like books,나는 책을 좋아한다,2.777643918991089,3.064635753631592,0.25,0.08521566540002823,2.933166670799255,0.23076923076923078,0.06528035551309586,0.009127999655902386,0.034295640885829926,0.23215867578983307
42,2,I like coffee,나는 커피를 좋아한다,2.696239471435547,3.0579934120178223,0.25,0.09031441807746887,2.9333675384521483,0.23076923076923078,0.06421206891536713,0.008742555975914001,0.034148208796978,0.25415483117103577
43,3,You like robots,너는 로봇을 좋아한다,2.4106712341308594,3.025486707687378,0.25,0.09271030873060226,2.9184560775756836,0.28205128205128205,0.061826493591070175,0.008908336982131004,0.03851153701543808,0.26159486174583435
44,4,You like books,너는 책을 좋아한다,2.346601963043213,3.0248045921325684,0.25,0.0988679826259613,2.930807423591614,0.28205128205128205,0.060899630188941956,0.00804951973259449,0.039550453424453735,0.286972314119339
45,5,You like coffee,너는 커피를 좋아한다,2.3862204551696777,3.03890323638916,0.25,0.10520120710134506,2.9463327646255495,0.23076923076923078,0.06031867861747742,0.0072469087317585945,0.03818521648645401,0.3150540292263031
46,6,I read books,나는 책을 읽는다,3.2282328605651855,3.0466766357421875,0.25,0.10443959385156631,2.9368231534957885,0.23076923076923078,0.05859537795186043,0.007427890785038471,0.037242770195007324,0.3144923448562622
47,7,I read papers,나는 논문을 읽는다,3.318748950958252,3.045423984527588,0.25,0.09988434612751007,2.9190416812896727,0.28205128205128205,0.05661128833889961,0.008093567565083504,0.037622734904289246,0.29720979928970337
48,8,You read books,너는 책을 읽는다,2.7786355018615723,3.0687637329101562,0.25,0.10141508281230927,2.9269203662872316,0.28205128205128205,0.055492039769887924,0.0076952469535171986,0.03561384603381157,0.30685919523239136
49,9,The teacher reads papers,선생님은 논문을 읽는다,3.2601449489593506,3.03666090965271,0.25,0.09903620183467865,2.915947127342224,0.3076923076923077,0.061369236558675766,0.008350634016096592,0.03560259938240051,0.2908223271369934
50,10,I build robots,나는 로봇을 만든다,2.868323802947998,3.0334863662719727,0.25,0.09826982766389847,2.889887499809265,0.3076923076923077,0.05850084498524666,0.008993675000965595,0.03517034277319908,0.2904144525527954
51,11,I build tools,나는 도구를 만든다,2.6739096641540527,3.062955379486084,0.25,0.09734934568405151,2.8866329908370973,0.3076923076923077,0.05621673911809921,0.008626643568277359,0.033883899450302124,0.29067009687423706
52,12,You build robots,너는 로봇을 만든다,2.315840244293213,3.0864925384521484,0.25,0.09787529706954956,2.876584506034851,0.28205128205128205,0.05463398993015289,0.008150197565555573,0.0330163948237896,0.2957006096839905
53,13,The student builds tools,학생은 도구를 만든다,2.865807056427002,3.1222176551818848,0.25,0.09357543289661407,2.8712730169296266,0.28205128205128205,0.052013371139764786,0.007973001338541508,0.03221115097403526,0.2821041941642761
54,14,The student builds robots,학생은 로봇을 만든다,2.8582825660705566,3.1302621364593506,0.25,0.0875600054860115,2.8421868324279784,0.28205128205128205,0.04894758760929108,0.009009302593767643,0.03176235035061836,0.2605207860469818
55,15,The teacher builds tools,선생님은 도구를 만든다,2.77487850189209,3.1250500679016113,0.25,0.08736955374479294,2.8498442649841307,0.28205128205128205,0.053886041045188904,0.008691645227372646,0.03109930455684662,0.2558012306690216
56,16,I see robots,나는 로봇을 본다,2.675330400466919,3.123603343963623,0.25,0.08467120677232742,2.8044899463653565,0.28205128205128205,0.05256214365363121,0.009458593092858791,0.03063831478357315,0.24602577090263367
57,17,I see the student,나는 학생을 본다,2.6961216926574707,3.1325724124908447,0.25,0.08291453123092651,2.786184549331665,0.28205128205128205,0.051725950092077255,0.009524472057819366,0.030602464452385902,0.23980523645877838
58,18,You see the robot,너는 로봇을 본다,2.173154354095459,3.1471095085144043,0.25,0.08370664715766907,2.7592273712158204,0.28205128205128205,0.05191311985254288,0.009024023078382015,0.02983664907515049,0.24405279755592346
59,19,The teacher sees the student,선생님은 학생을 본다,3.0757455825805664,3.1135382652282715,0.25,0.0836418867111206,2.7520551085472107,0.28205128205128205,0.058431580662727356,0.009405800141394138,0.029985107481479645,0.23674504458904266
60,20,I use tools,나는 도구를 사용한다,2.6318092346191406,3.139281988143921,0.25,0.08389365673065186,2.738873553276062,0.28205128205128205,0.05661820247769356,0.00910213589668274,0.028271086513996124,0.2415832132101059
61,21,You use tools,너는 도구를 사용한다,2.769470691680908,3.16048002243042,0.25,0.08676764369010925,2.734024679660797,0.28205128205128205,0.05550387501716614,0.00852848868817091,0.02664271369576454,0.25639548897743225
62,22,The student uses tools,학생은 도구를 사용한다,2.775635242462158,3.193943500518799,0.25,0.08275029063224792,2.717987084388733,0.28205128205128205,0.05308644846081734,0.008610038086771965,0.025367997586727142,0.243936687707901
63,23,The teacher uses robots,선생님은 로봇을 사용한다,3.221311092376709,3.114495277404785,0.25,0.08349910378456116,2.684688186645508,0.28205128205128205,0.058626025915145874,0.011040061712265015,0.025100987404584885,0.23922935128211975
64,24,The robot is fast,로봇은 빠르다,2.898663282394409,3.1209306716918945,0.25,0.08572230488061905,2.690292310714722,0.3076923076923077,0.05800413712859154,0.010786199010908604,0.02422967739403248,0.2498692125082016
65,25,The robot is small,로봇은 작다,2.8925349712371826,3.1168212890625,0.25,0.08759212493896484,2.7049511671066284,0.3076923076923077,0.0580456405878067,0.01047842763364315,0.024611277505755424,0.2572331428527832
66,26,The robot is heavy,로봇은 무겁다,2.7615129947662354,3.1233785152435303,0.25,0.08793339878320694,2.712266969680786,0.3076923076923077,0.056156329810619354,0.010547659359872341,0.024286676198244095,0.2607429325580597
67,27,The robot is useful,로봇은 유용하다,2.707287073135376,3.126880168914795,0.25,0.08751105517148972,2.7200104236602782,0.28205128205128205,0.05502229183912277,0.010579640977084637,0.024437807500362396,0.2600044906139374
68,28,Robots are fast,로봇들은 빠르다,2.72247314453125,3.131256341934204,0.25,0.09781022369861603,2.7258750677108763,0.3076923076923077,0.05445251986384392,0.009595162235200405,0.0228574275970459,0.3043357729911804
69,29,Robots are useful,로봇들은 유용하다,2.7646617889404297,3.1387362480163574,0.25,0.10122154653072357,2.7264259338378904,0.3076923076923077,0.05323242023587227,0.00914887897670269,0.02264387719333172,0.3198609948158264
70,30,Books are heavy,책들은 무겁다,2.7485077381134033,3.1517114639282227,0.25,0.10002622753381729,2.72810537815094,0.3076923076923077,0.050734005868434906,0.009279860183596611,0.022390175610780716,0.3177008628845215
71,31,Books are useful,책들은 유용하다,2.7609875202178955,3.1597676277160645,0.25,0.09800101816654205,2.7285444259643556,0.28205128205128205,0.049214135855436325,0.009332990273833275,0.022720536217093468,0.31073641777038574
72,32,Coffee is hot,커피는 뜨겁다,3.427119016647339,3.172262668609619,0.25,0.0979122593998909,2.745641016960144,0.3076923076923077,0.04973084479570389,0.008917830884456635,0.02239333651959896,0.31060701608657837
73,33,The student likes robots,학생은 로봇을 좋아한다,2.939218044281006,3.0963897705078125,0.25,0.09840907901525497,2.719883942604065,0.3076923076923077,0.04820937663316727,0.010396263562142849,0.02707190066576004,0.30795878171920776
74,34,The student likes books,학생은 책을 좋아한다,2.867318868637085,3.0795812606811523,0.25,0.10771973431110382,2.722115731239319,0.28205128205128205,0.04741093888878822,0.009680824354290962,0.028173265978693962,0.34561389684677124
75,35,The student likes coffee,학생은 커피를 좋아한다,2.5501508712768555,3.0941154956817627,0.25,0.11874234676361084,2.7296263217926025,0.28205128205128205,0.046780433505773544,0.008590464480221272,0.026706473901867867,0.3928920328617096
76,36,The teacher likes books,선생님은 책을 좋아한다,2.788602828979492,3.023371934890747,0.25,0.12833181023597717,2.7414894342422484,0.28205128205128205,0.05307505279779434,0.008444995619356632,0.029567619785666466,0.4222395718097687
77,37,The teacher likes coffee,선생님은 커피를 좋아한다,2.6189401149749756,2.984062433242798,0.25,0.13826608657836914,2.7557198286056517,0.28205128205128205,0.06031765416264534,0.007986512035131454,0.02988540008664131,0.45487478375434875
78,38,The teacher reads books,선생님은 책을 읽는다,3.245079517364502,2.961960792541504,0.25,0.13840898871421814,2.7630688905715943,0.28205128205128205,0.06697714328765869,0.008170515298843384,0.02908971719443798,0.44939857721328735
79,39,You read papers,너는 논문을 읽는다,3.318844795227051,2.9609882831573486,0.25,0.13396820425987244,2.756334090232849,0.3076923076923077,0.06531922519207001,0.008635501377284527,0.029440423473715782,0.4324776530265808
80,0,I like robots,나는 로봇을 좋아한다,2.6089186668395996,2.883701801300049,0.25,0.1345967948436737,2.7296162366867067,0.28205128205128205,0.06297173351049423,0.010038197971880436,0.03605015203356743,0.4293270707130432
81,1,I like books,나는 책을 좋아한다,2.3400583267211914,2.8760290145874023,0.25,0.14113354682922363,2.733690857887268,0.28205128205128205,0.0611826553940773,0.009416896849870682,0.03844225034117699,0.45549237728118896
82,2,I like coffee,나는 커피를 좋아한다,2.305616617202759,2.8915538787841797,0.25,0.148723304271698,2.7428580045700075,0.28205128205128205,0.05977359041571617,0.008564816787838936,0.03789883852005005,0.4886559545993805
83,3,You like robots,너는 로봇을 좋아한다,2.205458641052246,2.8443236351013184,0.25,0.15130610764026642,2.728071188926697,0.28205128205128205,0.05768439546227455,0.008946963585913181,0.044953081756830215,0.4936400055885315
84,4,You like books,너는 책을 좋아한다,2.08842134475708,2.860063314437866,0.25,0.1604447215795517,2.7459719657897947,0.28205128205128205,0.056586019694805145,0.0077739679254591465,0.04600165784358978,0.5314172506332397
85,5,You like coffee,너는 커피를 좋아한다,2.1672587394714355,2.890471935272217,0.25,0.16853009164333344,2.7667592048645018,0.28205128205128205,0.0558423288166523,0.006821989547461271,0.04405239224433899,0.5674036741256714
86,6,I read books,나는 책을 읽는다,2.978971481323242,2.92216157913208,0.25,0.16826865077018738,2.7683507442474364,0.28205128205128205,0.05408856272697449,0.006638046354055405,0.04088371992111206,0.5714643001556396
87,7,I read papers,나는 논문을 읽는다,3.148599147796631,2.9165475368499756,0.25,0.1617841124534607,2.75693142414093,0.28205128205128205,0.052219707518815994,0.0073170969262719154,0.041082870215177536,0.5465167760848999
88,8,You read books,너는 책을 읽는다,2.6503684520721436,2.96586537361145,0.25,0.1654409021139145,2.7742693424224854,0.28205128205128205,0.050976525992155075,0.00660330755636096,0.03688232973217964,0.5673014521598816
89,9,The teacher reads papers,선생님은 논문을 읽는다,3.237344741821289,2.9062976837158203,0.25,0.1576560139656067,2.761251425743103,0.28205128205128205,0.05720896273851395,0.007849480956792831,0.037706922739744186,0.5278586745262146
90,10,I build robots,나는 로봇을 만든다,2.537116050720215,2.9115347862243652,0.25,0.15581046044826508,2.734824299812317,0.28205128205128205,0.054639965295791626,0.008282802999019623,0.03695330023765564,0.5233657956123352
91,11,I build tools,나는 도구를 만든다,2.416165351867676,2.9591360092163086,0.25,0.15517975389957428,2.733897876739502,0.28205128205128205,0.052534885704517365,0.007600308861583471,0.034440621733665466,0.5261431932449341
92,12,You build robots,너는 로봇을 만든다,2.1228766441345215,2.9925377368927,0.25,0.15528534352779388,2.721448612213135,0.28205128205128205,0.05108560249209404,0.007051339838653803,0.03316787630319595,0.5298365354537964
93,13,The student builds tools,학생은 도구를 만든다,2.631093978881836,3.019517660140991,0.25,0.14650970697402954,2.7028599262237547,0.28205128205128205,0.04893521964550018,0.007176735904067755,0.0325319766998291,0.4973949193954468
94,14,The student builds robots,학생은 로봇을 만든다,2.6246228218078613,3.0188755989074707,0.25,0.1348269134759903,2.6634039640426637,0.28205128205128205,0.046411607414484024,0.008273474872112274,0.032842326909303665,0.4517802596092224
95,15,The teacher builds tools,선생님은 도구를 만든다,2.689903736114502,2.9937243461608887,0.25,0.12933793663978577,2.667093801498413,0.28205128205128205,0.05180151015520096,0.00874309428036213,0.03280927613377571,0.4239978790283203
96,16,I see robots,나는 로봇을 본다,2.3290963172912598,3.005707263946533,0.25,0.12619583308696747,2.6276822805404665,0.28205128205128205,0.050474077463150024,0.009110206738114357,0.03157545626163483,0.413623571395874
97,17,I see the student,나는 학생을 본다,2.4716222286224365,3.016326665878296,0.25,0.12250036001205444,2.6171923160552977,0.3333333333333333,0.04951275885105133,0.0091474624350667,0.03180772811174393,0.3995334804058075
98,18,You see the robot,너는 로봇을 본다,1.9517402648925781,3.047985315322876,0.25,0.12450991570949554,2.5932008266448974,0.3076923076923077,0.04953831806778908,0.00831944402307272,0.029998034238815308,0.4101838767528534
99,19,The teacher sees the student,선생님은 학생을 본다,3.0590932369232178,2.9844720363616943,0.25,0.11754500865936279,2.587360179424286,0.3333333333333333,0.05610675364732742,0.009887357242405415,0.0316343791782856,0.3725515604019165
100,20,I use tools,나는 도구를 사용한다,2.43516206741333,3.038486957550049,0.25,0.12090042233467102,2.5725626230239866,0.3333333333333333,0.0545637384057045,0.008782670833170414,0.02802431210875511,0.3922309875488281
101,21,You use tools,너는 도구를 사용한다,2.6533918380737305,3.0870137214660645,0.25,0.1252756416797638,2.564909267425537,0.3076923076923077,0.053699929267168045,0.007821818813681602,0.024906866252422333,0.41467392444610596
102,22,The student uses tools,학생은 도구를 사용한다,2.5168800354003906,3.122447967529297,0.25,0.12044703215360641,2.54482684135437,0.3076923076923077,0.05167519301176071,0.007935581728816032,0.02299986407160759,0.3991774916648865
103,23,The teacher uses robots,선생님은 로봇을 사용한다,3.2011265754699707,3.01823091506958,0.25,0.1131906658411026,2.50729022026062,0.3076923076923077,0.057291485369205475,0.011725623160600662,0.023610463365912437,0.3601350784301758
104,24,The robot is fast,로봇은 빠르다,2.8499763011932373,3.0256052017211914,0.25,0.11216697096824646,2.513982820510864,0.3076923076923077,0.056740935891866684,0.011869308538734913,0.02306790091097355,0.3569897413253784
105,25,The robot is small,로봇은 작다,2.757321357727051,3.018541097640991,0.25,0.11495449393987656,2.528767156600952,0.3076923076923077,0.05662430450320244,0.011520187370479107,0.02377183921635151,0.36790165305137634
106,26,The robot is heavy,로봇은 무겁다,2.7122838497161865,3.022458791732788,0.25,0.11308369040489197,2.5366977572441103,0.3076923076923077,0.05502403527498245,0.011919816955924034,0.023673346266150475,0.36171755194664
107,27,The robot is useful,로봇은 유용하다,2.598348617553711,3.0188608169555664,0.25,0.11044178158044815,2.5457333445549013,0.3333333333333333,0.053921252489089966,0.012376131489872932,0.02431403659284115,0.35115569829940796
108,28,Robots are fast,로봇들은 빠르다,2.580765962600708,3.048215389251709,0.25,0.12925252318382263,2.556069850921631,0.3076923076923077,0.05398526415228844,0.010194441303610802,0.021335022523999214,0.4314953684806824
109,29,Robots are useful,로봇들은 유용하다,2.602710723876953,3.0622527599334717,0.25,0.13494884967803955,2.5601499557495115,0.3076923076923077,0.05318230390548706,0.00945320911705494,0.02088070847094059,0.4562791883945465
110,30,Books are heavy,책들은 무겁다,2.648646593093872,3.077732801437378,0.25,0.13458064198493958,2.5638794183731077,0.3076923076923077,0.05097030848264694,0.009545551612973213,0.020222805440425873,0.45758387446403503
111,31,Books are useful,책들은 유용하다,2.673236846923828,3.0869460105895996,0.25,0.1340036690235138,2.566854405403137,0.3076923076923077,0.049687743186950684,0.009472758509218693,0.020188361406326294,0.45666584372520447
112,32,Coffee is hot,커피는 뜨겁다,3.5359838008880615,3.117755174636841,0.25,0.13699011504650116,2.59908447265625,0.28205128205128205,0.05080825462937355,0.008275240659713745,0.019436068832874298,0.46944087743759155
113,33,The student likes robots,학생은 로봇을 좋아한다,2.7845475673675537,3.0082383155822754,0.25,0.1371142864227295,2.564214301109314,0.3076923076923077,0.04929416626691818,0.010023928247392178,0.02597697451710701,0.46316206455230713
114,34,The student likes books,학생은 책을 좋아한다,2.5303194522857666,3.0045859813690186,0.25,0.15194711089134216,2.5683099150657656,0.28205128205128205,0.04854240640997887,0.008848891593515873,0.026823244988918304,0.5235739350318909
115,35,The student likes coffee,학생은 커피를 좋아한다,2.2049055099487305,3.0347700119018555,0.25,0.1666332334280014,2.5810848236083985,0.28205128205128205,0.04813706874847412,0.007568341679871082,0.025052634999155998,0.5857748985290527
116,36,The teacher likes books,선생님은 책을 좋아한다,2.5487489700317383,2.9288880825042725,0.25,0.17125654220581055,2.5843193888664246,0.28205128205128205,0.054541654884815216,0.008498583920300007,0.029745956882834435,0.5922399759292603
117,37,The teacher likes coffee,선생님은 커피를 좋아한다,2.4131202697753906,2.8755722045898438,0.25,0.1790017932653427,2.5932374715805055,0.28205128205128205,0.06243007630109787,0.008552458137273788,0.030819181352853775,0.6142054796218872
118,38,The teacher reads books,선생님은 책을 읽는다,3.124135971069336,2.854778289794922,0.25,0.1790940910577774,2.599623107910156,0.28205128205128205,0.06993973255157471,0.008923639543354511,0.028916550800204277,0.6085964441299438
119,39,You read papers,너는 논문을 읽는다,3.2780213356018066,2.8655200004577637,0.25,0.1766367107629776,2.5997646927833555,0.28205128205128205,0.06845466792583466,0.009016423486173153,0.028378479182720184,0.6006972789764404
